verify_video,status,embed_code,cosine_distance,euclidean,l2_euclidean,votes_passed,match_code,error
data\verify\1a3a2365-e455-4bc1-99cf-4977d2e8f5b3.mp4,ok,0,0.3749920725822449,1.108884334564209,0.8660163283348083,3,0,
data\verify\513c1695-d0a3-4eab-93d4-8dc0edd660df.mp4,ok,0,0.24494683742523193,0.9042796492576599,0.6999240517616272,3,0,
data\verify\5b9b29a8-26be-4d43-a165-8eec4443d58c.mp4,ok,0,0.4375520348548889,1.1402902603149414,0.9354701042175293,3,0,
data\verify\99a0cd56-992e-49de-a0a5-3621a2b00a71.mp4,ok,0,0.3310478925704956,1.020859956741333,0.8136926293373108,3,0,
data\verify\b0aa040b-8e15-46ca-8e41-f684cab2d0ac.mp4,ok,0,0.21920263767242432,0.8264279365539551,0.6621218323707581,3,0,
data\verify\ca7866a0-09d3-4183-bd24-1c38f4668dcc.mp4,ok,0,0.24245280027389526,0.871764063835144,0.6963517665863037,3,0,
data\verify\d602b324-a845-43b3-81b8-13be6333d5b0.mp4,ok,0,0.4203908443450928,1.238671898841858,0.9169416427612305,3,0,
data\verify\dba276a4-2736-49ec-8318-0c0c4e23b324.mp4,ok,0,0.36385250091552734,1.1077570915222168,0.8530561923980713,3,0,
data\verify\e17a960b-0a78-44a5-9762-d119e10186d3.mp4,ok,0,0.3306344151496887,1.0349795818328857,0.8131844401359558,3,0,
