verify_video,status,embed_code,cosine_distance,euclidean,l2_euclidean,votes_passed,match_code,error,anchor_desc,anchor_size
data\verify\1a3a2365-e455-4bc1-99cf-4977d2e8f5b3.mp4,ok,0,0.1384660005569458,0.6800520420074463,0.5262433886528015,3,0,,onboard+first_7_verify,8
data\verify\513c1695-d0a3-4eab-93d4-8dc0edd660df.mp4,ok,0,0.12943071126937866,0.6650300025939941,0.508784294128418,3,0,,onboard+first_7_verify,8
data\verify\5b9b29a8-26be-4d43-a165-8eec4443d58c.mp4,ok,0,0.17394524812698364,0.7025191187858582,0.58982253074646,3,0,,onboard+first_7_verify,8
data\verify\99a0cd56-992e-49de-a0a5-3621a2b00a71.mp4,ok,0,0.10650771856307983,0.5817259550094604,0.461535781621933,3,0,,onboard+first_7_verify,8
data\verify\b0aa040b-8e15-46ca-8e41-f684cab2d0ac.mp4,ok,0,0.11176049709320068,0.5881050825119019,0.4727800190448761,3,0,,onboard+first_7_verify,8
data\verify\ca7866a0-09d3-4183-bd24-1c38f4668dcc.mp4,ok,0,0.08410358428955078,0.5189226269721985,0.41013088822364807,3,0,,onboard+first_7_verify,8
data\verify\d602b324-a845-43b3-81b8-13be6333d5b0.mp4,ok,0,0.15111446380615234,0.7744290232658386,0.5497536659240723,3,0,,onboard+first_7_verify,8
data\verify\dba276a4-2736-49ec-8318-0c0c4e23b324.mp4,ok,0,0.15534281730651855,0.73237544298172,0.5573917627334595,3,0,,onboard+first_7_verify,8
data\verify\e17a960b-0a78-44a5-9762-d119e10186d3.mp4,ok,0,0.11642235517501831,0.6214565634727478,0.4825398325920105,3,0,,onboard+first_7_verify,8
