verify_video,status,embed_code,cosine_distance,euclidean,l2_euclidean,votes_passed,match_code,error,anchor_desc,anchor_size
data\verify\1a3a2365-e455-4bc1-99cf-4977d2e8f5b3.mp4,ok,0,0.1390221118927002,0.681002140045166,0.5272990465164185,3,0,,onboard+first_9_verify,10
data\verify\513c1695-d0a3-4eab-93d4-8dc0edd660df.mp4,ok,0,0.150346040725708,0.7111905813217163,0.5483540892601013,3,0,,onboard+first_9_verify,10
data\verify\5b9b29a8-26be-4d43-a165-8eec4443d58c.mp4,ok,0,0.17082083225250244,0.6982768774032593,0.5845013856887817,3,0,,onboard+first_9_verify,10
data\verify\99a0cd56-992e-49de-a0a5-3621a2b00a71.mp4,ok,0,0.10286897420883179,0.5719916224479675,0.4535832405090332,3,0,,onboard+first_9_verify,10
data\verify\b0aa040b-8e15-46ca-8e41-f684cab2d0ac.mp4,ok,0,0.12718164920806885,0.6252456903457642,0.5043442249298096,3,0,,onboard+first_9_verify,10
data\verify\ca7866a0-09d3-4183-bd24-1c38f4668dcc.mp4,ok,0,0.08301985263824463,0.5148657560348511,0.407479852437973,3,0,,onboard+first_9_verify,10
data\verify\d602b324-a845-43b3-81b8-13be6333d5b0.mp4,ok,0,0.13892018795013428,0.7463328838348389,0.5271059274673462,3,0,,onboard+first_9_verify,10
data\verify\dba276a4-2736-49ec-8318-0c0c4e23b324.mp4,ok,0,0.11558371782302856,0.6416860222816467,0.4807986617088318,3,0,,onboard+first_9_verify,10
data\verify\e17a960b-0a78-44a5-9762-d119e10186d3.mp4,ok,0,0.0854196548461914,0.5400264263153076,0.4133271276950836,3,0,,onboard+first_9_verify,10
