verify_video,status,embed_code,cosine_distance,euclidean,l2_euclidean,votes_passed,match_code,error,anchor_desc,anchor_size
data\verify\1a3a2365-e455-4bc1-99cf-4977d2e8f5b3.mp4,ok,0,0.12836050987243652,0.6562380790710449,0.5066765546798706,3,0,,onboard+first_2_verify,3
data\verify\513c1695-d0a3-4eab-93d4-8dc0edd660df.mp4,ok,0,0.08222335577011108,0.5416156649589539,0.40552008152008057,3,0,,onboard+first_2_verify,3
data\verify\5b9b29a8-26be-4d43-a165-8eec4443d58c.mp4,ok,0,0.2982071042060852,0.9240661859512329,0.7722786068916321,3,0,,onboard+first_2_verify,3
data\verify\99a0cd56-992e-49de-a0a5-3621a2b00a71.mp4,ok,0,0.20221906900405884,0.7901114225387573,0.6359543800354004,3,0,,onboard+first_2_verify,3
data\verify\b0aa040b-8e15-46ca-8e41-f684cab2d0ac.mp4,ok,0,0.12419736385345459,0.6189040541648865,0.49839210510253906,3,0,,onboard+first_2_verify,3
data\verify\ca7866a0-09d3-4183-bd24-1c38f4668dcc.mp4,ok,0,0.13282769918441772,0.642249584197998,0.5154175758361816,3,0,,onboard+first_2_verify,3
data\verify\d602b324-a845-43b3-81b8-13be6333d5b0.mp4,ok,0,0.27810829877853394,1.0107718706130981,0.7457993030548096,3,0,,onboard+first_2_verify,3
data\verify\dba276a4-2736-49ec-8318-0c0c4e23b324.mp4,ok,0,0.24374371767044067,0.9030029773712158,0.6982029676437378,3,0,,onboard+first_2_verify,3
data\verify\e17a960b-0a78-44a5-9762-d119e10186d3.mp4,ok,0,0.18684637546539307,0.7749600410461426,0.6113041043281555,3,0,,onboard+first_2_verify,3
