verify_video,status,embed_code,cosine_distance,euclidean,l2_euclidean,votes_passed,match_code,error,anchor_desc,anchor_size
data\verify\1a3a2365-e455-4bc1-99cf-4977d2e8f5b3.mp4,ok,0,0.1283544898033142,0.6585416793823242,0.5066645741462708,3,0,,onboard+first_4_verify,5
data\verify\513c1695-d0a3-4eab-93d4-8dc0edd660df.mp4,ok,0,0.12394893169403076,0.6541593074798584,0.49789321422576904,3,0,,onboard+first_4_verify,5
data\verify\5b9b29a8-26be-4d43-a165-8eec4443d58c.mp4,ok,0,0.16013383865356445,0.6721128225326538,0.5659218430519104,3,0,,onboard+first_4_verify,5
data\verify\99a0cd56-992e-49de-a0a5-3621a2b00a71.mp4,ok,0,0.09752160310745239,0.5603234171867371,0.4416366517543793,3,0,,onboard+first_4_verify,5
data\verify\b0aa040b-8e15-46ca-8e41-f684cab2d0ac.mp4,ok,0,0.14440739154815674,0.6628375053405762,0.5374147891998291,3,0,,onboard+first_4_verify,5
data\verify\ca7866a0-09d3-4183-bd24-1c38f4668dcc.mp4,ok,0,0.11667829751968384,0.6038913130760193,0.48307010531425476,3,0,,onboard+first_4_verify,5
data\verify\d602b324-a845-43b3-81b8-13be6333d5b0.mp4,ok,0,0.2036953568458557,0.8796219825744629,0.6382716298103333,3,0,,onboard+first_4_verify,5
data\verify\dba276a4-2736-49ec-8318-0c0c4e23b324.mp4,ok,0,0.18049824237823486,0.7836616039276123,0.6008296608924866,3,0,,onboard+first_4_verify,5
data\verify\e17a960b-0a78-44a5-9762-d119e10186d3.mp4,ok,0,0.13441097736358643,0.6641255021095276,0.5184804201126099,3,0,,onboard+first_4_verify,5
