verify_video,status,embed_code,cosine_distance,euclidean,l2_euclidean,votes_passed,match_code,error,anchor_desc,anchor_size
data\verify\1a3a2365-e455-4bc1-99cf-4977d2e8f5b3.mp4,ok,0,0.12225347757339478,0.6451863050460815,0.4944765269756317,3,0,,onboard+first_3_verify,4
data\verify\513c1695-d0a3-4eab-93d4-8dc0edd660df.mp4,ok,0,0.10947811603546143,0.6209559440612793,0.4679277241230011,3,0,,onboard+first_3_verify,4
data\verify\5b9b29a8-26be-4d43-a165-8eec4443d58c.mp4,ok,0,0.17094773054122925,0.6930496096611023,0.5847184658050537,3,0,,onboard+first_3_verify,4
data\verify\99a0cd56-992e-49de-a0a5-3621a2b00a71.mp4,ok,0,0.15902835130691528,0.7004042863845825,0.5639650821685791,3,0,,onboard+first_3_verify,4
data\verify\b0aa040b-8e15-46ca-8e41-f684cab2d0ac.mp4,ok,0,0.13715553283691406,0.6470649838447571,0.5237472653388977,3,0,,onboard+first_3_verify,4
data\verify\ca7866a0-09d3-4183-bd24-1c38f4668dcc.mp4,ok,0,0.11550378799438477,0.6013803482055664,0.4806326627731323,3,0,,onboard+first_3_verify,4
data\verify\d602b324-a845-43b3-81b8-13be6333d5b0.mp4,ok,0,0.23140943050384521,0.9291030168533325,0.6803081631660461,3,0,,onboard+first_3_verify,4
data\verify\dba276a4-2736-49ec-8318-0c0c4e23b324.mp4,ok,0,0.20640045404434204,0.8321995735168457,0.6424959897994995,3,0,,onboard+first_3_verify,4
data\verify\e17a960b-0a78-44a5-9762-d119e10186d3.mp4,ok,0,0.14802169799804688,0.6937777400016785,0.5440987944602966,3,0,,onboard+first_3_verify,4
