verify_video,status,embed_code,cosine_distance,euclidean,l2_euclidean,votes_passed,match_code,error,anchor_desc,anchor_size
data\verify\1a3a2365-e455-4bc1-99cf-4977d2e8f5b3.mp4,ok,0,0.1421077847480774,0.6887433528900146,0.533118724822998,3,0,,onboard+first_5_verify,6
data\verify\513c1695-d0a3-4eab-93d4-8dc0edd660df.mp4,ok,0,0.10649293661117554,0.6124438047409058,0.4615038335323334,3,0,,onboard+first_5_verify,6
data\verify\5b9b29a8-26be-4d43-a165-8eec4443d58c.mp4,ok,0,0.1811501383781433,0.7139817476272583,0.6019139289855957,3,0,,onboard+first_5_verify,6
data\verify\99a0cd56-992e-49de-a0a5-3621a2b00a71.mp4,ok,0,0.11118537187576294,0.5941565036773682,0.47156190872192383,3,0,,onboard+first_5_verify,6
data\verify\b0aa040b-8e15-46ca-8e41-f684cab2d0ac.mp4,ok,0,0.09728920459747314,0.5523645877838135,0.4411104619503021,3,0,,onboard+first_5_verify,6
data\verify\ca7866a0-09d3-4183-bd24-1c38f4668dcc.mp4,ok,0,0.11279177665710449,0.5944743752479553,0.4749565124511719,3,0,,onboard+first_5_verify,6
data\verify\d602b324-a845-43b3-81b8-13be6333d5b0.mp4,ok,0,0.2100437879562378,0.8910737633705139,0.6481418609619141,3,0,,onboard+first_5_verify,6
data\verify\dba276a4-2736-49ec-8318-0c0c4e23b324.mp4,ok,0,0.18718016147613525,0.796509325504303,0.611849844455719,3,0,,onboard+first_5_verify,6
data\verify\e17a960b-0a78-44a5-9762-d119e10186d3.mp4,ok,0,0.13639575242996216,0.6683700680732727,0.5222944021224976,3,0,,onboard+first_5_verify,6
