verify_video,status,embed_code,cosine_distance,euclidean,l2_euclidean,votes_passed,match_code,error,anchor_desc,anchor_size
data\verify\1a3a2365-e455-4bc1-99cf-4977d2e8f5b3.mp4,ok,0,0.08817952871322632,0.5544421672821045,0.41995128989219666,3,0,,onboard+first_1_verify,2
data\verify\513c1695-d0a3-4eab-93d4-8dc0edd660df.mp4,ok,0,0.20016378164291382,0.8124235272407532,0.6327143311500549,3,0,,onboard+first_1_verify,2
data\verify\5b9b29a8-26be-4d43-a165-8eec4443d58c.mp4,ok,0,0.2984529733657837,0.9216804504394531,0.7725968956947327,3,0,,onboard+first_1_verify,2
data\verify\99a0cd56-992e-49de-a0a5-3621a2b00a71.mp4,ok,0,0.21547973155975342,0.8133633732795715,0.6564748883247375,3,0,,onboard+first_1_verify,2
data\verify\b0aa040b-8e15-46ca-8e41-f684cab2d0ac.mp4,ok,0,0.18325269222259521,0.745693564414978,0.6053968667984009,3,0,,onboard+first_1_verify,2
data\verify\ca7866a0-09d3-4183-bd24-1c38f4668dcc.mp4,ok,0,0.13954854011535645,0.6570426821708679,0.5282964110374451,3,0,,onboard+first_1_verify,2
data\verify\d602b324-a845-43b3-81b8-13be6333d5b0.mp4,ok,0,0.27863115072250366,1.0107271671295166,0.7465000748634338,3,0,,onboard+first_1_verify,2
data\verify\dba276a4-2736-49ec-8318-0c0c4e23b324.mp4,ok,0,0.24359911680221558,0.9015960693359375,0.6979958415031433,3,0,,onboard+first_1_verify,2
data\verify\e17a960b-0a78-44a5-9762-d119e10186d3.mp4,ok,0,0.18407541513442993,0.7686399817466736,0.6067543029785156,3,0,,onboard+first_1_verify,2
