verify_video,status,embed_code,cosine_distance,euclidean,l2_euclidean,votes_passed,match_code,error,anchor_desc,anchor_size
data\verify\1a3a2365-e455-4bc1-99cf-4977d2e8f5b3.mp4,ok,0,0.141252338886261,0.6860860586166382,0.5315117835998535,3,0,,onboard+first_8_verify,9
data\verify\513c1695-d0a3-4eab-93d4-8dc0edd660df.mp4,ok,0,0.14196699857711792,0.6929691433906555,0.532854437828064,3,0,,onboard+first_8_verify,9
data\verify\5b9b29a8-26be-4d43-a165-8eec4443d58c.mp4,ok,0,0.1732357144355774,0.7020520567893982,0.588618278503418,3,0,,onboard+first_8_verify,9
data\verify\99a0cd56-992e-49de-a0a5-3621a2b00a71.mp4,ok,0,0.1019737720489502,0.5699239373207092,0.45160549879074097,3,0,,onboard+first_8_verify,9
data\verify\b0aa040b-8e15-46ca-8e41-f684cab2d0ac.mp4,ok,0,0.1224522590637207,0.6139333248138428,0.49487829208374023,3,0,,onboard+first_8_verify,9
data\verify\ca7866a0-09d3-4183-bd24-1c38f4668dcc.mp4,ok,0,0.08789318799972534,0.5290008187294006,0.4192691147327423,3,0,,onboard+first_8_verify,9
data\verify\d602b324-a845-43b3-81b8-13be6333d5b0.mp4,ok,0,0.13647401332855225,0.7418293356895447,0.5224443078041077,3,0,,onboard+first_8_verify,9
data\verify\dba276a4-2736-49ec-8318-0c0c4e23b324.mp4,ok,0,0.1191820502281189,0.6510003805160522,0.4882252514362335,3,0,,onboard+first_8_verify,9
data\verify\e17a960b-0a78-44a5-9762-d119e10186d3.mp4,ok,0,0.10786265134811401,0.6000293493270874,0.4644622802734375,3,0,,onboard+first_8_verify,9
