verify_video,status,embed_code,cosine_distance,euclidean,l2_euclidean,votes_passed,match_code,error,anchor_desc,anchor_size
data\verify\1a3a2365-e455-4bc1-99cf-4977d2e8f5b3.mp4,ok,0,0.13944828510284424,0.682593822479248,0.528106689453125,3,0,,onboard+first_6_verify,7
data\verify\513c1695-d0a3-4eab-93d4-8dc0edd660df.mp4,ok,0,0.1133425235748291,0.6281121969223022,0.47611454129219055,3,0,,onboard+first_6_verify,7
data\verify\5b9b29a8-26be-4d43-a165-8eec4443d58c.mp4,ok,0,0.18248403072357178,0.7176657319068909,0.6041259765625,3,0,,onboard+first_6_verify,7
data\verify\99a0cd56-992e-49de-a0a5-3621a2b00a71.mp4,ok,0,0.11692923307418823,0.6076254844665527,0.48358920216560364,3,0,,onboard+first_6_verify,7
data\verify\b0aa040b-8e15-46ca-8e41-f684cab2d0ac.mp4,ok,0,0.10022461414337158,0.5594421625137329,0.4477155804634094,3,0,,onboard+first_6_verify,7
data\verify\ca7866a0-09d3-4183-bd24-1c38f4668dcc.mp4,ok,0,0.08042001724243164,0.5095494985580444,0.4010489583015442,3,0,,onboard+first_6_verify,7
data\verify\d602b324-a845-43b3-81b8-13be6333d5b0.mp4,ok,0,0.20689696073532104,0.8850616812705994,0.6432682871818542,3,0,,onboard+first_6_verify,7
data\verify\dba276a4-2736-49ec-8318-0c0c4e23b324.mp4,ok,0,0.18266749382019043,0.7878321409225464,0.6044295430183411,3,0,,onboard+first_6_verify,7
data\verify\e17a960b-0a78-44a5-9762-d119e10186d3.mp4,ok,0,0.12241137027740479,0.6362524628639221,0.4947957396507263,3,0,,onboard+first_6_verify,7
